﻿id, nombre, modelo, etiqueta, potencia, combustible, consumo, precio
1,'ABARTH 500', '595 1.4 16v T-jet 121kW (165 CV)(2023)','C', '165CV', 'Gasolina', '6.7l/100km', 29.125
2, 'ABARTH 500C', '595C 1.4 16v T-Jet 121kW (165 CV)(2023)', 'C', '165CV', 'Gasolina', '6.8l/100km', 31.530
3, 'Aiways U5', 'Prime 4x4 (204 CV)(2023)','0', '204CV','Electrico','400km', 49.900
4, 'Aiways U6', 'Prime 4x4 (218 CV)(2023)', '0', '218CV', 'Electrico', '405km', '49.400'
5, 'Alfa Romeo Giulia', '2.2 Diesel 118kW (160CV) Super RWD(2023)', 'C', '160CV', 'Diesel', '5l/100km', '39.520'
"6, 'Alfa Romeo Stelvio',	'2.2 Diesel 118kW (160CV) SUPER RWD(2023)',	'C', '160CV', 'Diesel',	'5.7l/100km', '45.597'"